{"cameraMode":{"drawMode":2,"name":"Shaded Wireframe","section":"Shading Mode"},"sceneLighting":true,"audioPlay":false,"sceneViewState":{"showFog":true,"showMaterialUpdate":true,"showSkybox":true,"showFlares":true,"showImageEffects":true,"showParticleSystems":true},"in2DMode":false,"pivot":{"x":1.5296218395233155,"y":-0.27068424224853518,"z":2.9044761657714845},"rotation":{"x":0.16011449694633485,"y":-0.20420169830322267,"z":0.03387586772441864,"w":0.9651516079902649},"size":10.499404907226563,"orthographic":false}