{"cameraMode":{"drawMode":2,"name":"Shaded Wireframe","section":"Shading Mode"},"sceneLighting":true,"audioPlay":false,"sceneViewState":{"showFog":true,"showMaterialUpdate":true,"showSkybox":true,"showFlares":true,"showImageEffects":true,"showParticleSystems":true},"in2DMode":false,"pivot":{"x":72.12999725341797,"y":9.479999542236329,"z":39.15999984741211},"rotation":{"x":0.23605458438396455,"y":0.1408001333475113,"z":-0.034592971205711368,"w":0.9608625769615173},"size":8.191858291625977,"orthographic":false}