{"cameraMode":{"drawMode":2,"name":"Shaded Wireframe","section":"Shading Mode"},"sceneLighting":true,"audioPlay":false,"sceneViewState":{"showFog":true,"showMaterialUpdate":true,"showSkybox":true,"showFlares":true,"showImageEffects":true,"showParticleSystems":true},"in2DMode":false,"pivot":{"x":2.809648275375366,"y":-1.171313762664795,"z":3.8692097663879396},"rotation":{"x":0.219729483127594,"y":-0.32065892219543459,"z":0.07673857361078263,"w":0.9181547164916992},"size":10.499404907226563,"orthographic":false}